Brown  Mia,1103024456,32,MA,1450,Brandon R. LeBlanc
LaRotonda  William,1106026572,33,MA,1460,Brandon R. LeBlanc
Steans  Tyrone,1302053333,31,MA,2703,Brandon R. LeBlanc
Howard  Estelle,1211050782,32,MA,2170,Brandon R. LeBlanc
Singh  Nan,1307059817,29,MA,2330,Brandon R. LeBlanc
Smith  Leigh Ann,711007713,30,MA,1844,Brandon R. LeBlanc
LeBlanc  Brandon  R,1102024115,33,MA,1460,Janet King
Quinn  Sean,1206043417,33,MA,2045,Janet King
Boutwell  Bonalyn,1307060188,30,MA,2468,Brandon R. LeBlanc
Foster Baker  Amy,1201031308,38,MA,2050,Board of Directors
King  Janet,1001495124,63,MA,1902,Board of Directors
Zamora  Jennifer,1112030816,38,MA,2067,Janet King
Becker  Renee,1102024056,31,MA,2026,Simon Roup
Goble  Taisha,905013738,46,MA,2127,Simon Roup
Hernandez  Daniff,1410071156,31,MA,1960,Simon Roup
Horton  Jayne,1105025718,33,MA,2493,Simon Roup
Johnson  Noelle,1003018246,31,MA,2301,Simon Roup
Murray  Thomas,1406068403,29,TX,78230,Simon Roup
Pearson  Randall,1102023965,33,MA,2747,Simon Roup
Petrowsky  Thelma,1108027853,33,MA,1886,Simon Roup
Roby  Lori,1407068885,36,MA,1886,Simon Roup
Rogers  Ivan,1203032255,31,MA,1810,Simon Roup
Salter  Jason,1111030148,30,MA,2452,Simon Roup
Simard  Kramer,808010278,47,MA,2110,Simon Roup
Zhou  Julia,1110029732,38,MA,2148,Simon Roup
Foss  Jason,1192991000,37,MA,1460,Jennifer Zamora
Roup Simon,1106026933,44,MA,2481,Jennifer Zamora
Ruiz  Ricardo,1001175250,54,MA,1915,Jennifer Zamora
Monroe  Peter,1011022863,31,MA,2134,Jennifer Zamora
Dougall  Eric,1101023754,47,MA,1886,Jennifer Zamora
Clayton  Rick,1301052902,32,MA,2170,Eric Dougall
Galia  Lisa,1501072093,49,CT,6040,Eric Dougall
Lindsay  Leonara,602000312,29,CT,6070,Eric Dougall
Soto  Julia,1203032263,44,MA,2360,Eric Dougall
Bacong  Alejandro,1212052023,30,MA,1886,Peter Monroe
Cisco  Anthony,1102024173,28,MA,2135,Peter Monroe
Dolan  Linda,1101023540,29,MA,2119,Peter Monroe
Gonzalez  Maria,1988299991,36,MA,2472,Peter Monroe
Merlos  Carlos,1012023013,30,MA,2138,Peter Monroe
Morway  Tanya,1001956578,38,MA,2048,Peter Monroe
Shepard  Anita,906014183,36,MA,1773,Peter Monroe
Tredinnick  Neville,1104025466,29,MA,1420,Peter Monroe
Turpin  Jumil,1411071506,48,MA,2343,Peter Monroe
Ait Sidi  Karthikeyan,1307060199,42,MA,2148,Simon Roup
Carr  Claudia  N,1010022337,31,MA,1886,Simon Roup
Favis  Donald,1412071562,53,CT,6033,Simon Roup
Roehrich  Bianca,1111030266,44,MA,2703,Simon Roup
Daniele  Ann,1411071312,66,CT,6033,Peter Monroe
Lajiri   Jyoti,1108028108,31,MA,2169,Peter Monroe
Semizoglou  Jeremiah,904013591,34,MA,1545,Peter Monroe
South  Joe,1308060959,52,CT,6278,Peter Monroe
Warfield  Sarah,1301052347,39,MA,2453,Peter Monroe
Bramante  Elisa,1006020066,34,MA,2030,Janet King
Albert  Michael,1501072311,49,MA,2169,Janet King
Bozzi  Charles,1303054580,47,MA,1901,Janet King
Butler  Webster  L,1110029990,34,MA,2169,Janet King
Dunn  Amy,1409070147,44,MA,1731,Janet King
Gray  Elijiah,1307060077,36,MA,1752,Janet King
Hogland  Jonathan,1001944783,45,MA,1890,Janet King
Immediato  Walter,1403065874,41,MA,2128,Janet King
Liebig  Ketsia,1103024679,36,MA,2110,Janet King
Miller  Brannon,1107027351,36,MA,2045,Janet King
Peterson  Ebonee,1402065355,40,MA,2030,Janet King
Spirea  Kelley,1102024149,42,MA,2451,Janet King
Stanley  David,1000974650,42,MA,1803,Janet King
Sullivan  Kissy,1405067298,39,MA,1776,Janet King
Wallace  Courtney  E,1410071026,62,MA,2478,Janet King
Adinolfi  Wilson  K,1409070522,34,MA,1960,Michael Albert
Alagbe Trina,1011022883,29,MA,1886,Elijiah Gray
Anderson  Carol,1001417624,28,MA,2169,Webster Butler
Anderson  Linda,1304055947,40,MA,1844,Amy Dunn
Athwal  Sam,1301052124,34,MA,2199,Ketsia Liebig
Bachiochi  Linda,1212051409,47,MA,1902,Brannon Miller
Baczenski  Rachael,1307060083,44,MA,1902,David Stanley
Barbara  Thomas,1312063507,43,MA,2062,Kissy Sullivan
Barone  Francesco  A,1101023679,34,MA,1810,Kelley Spirea
Barton  Nader,1212051962,40,MA,2747,Michael Albert
Beatrice  Courtney,1403066194,47,MA,1915,Elijiah Gray
Becker  Scott,1110029777,38,MA,2452,Webster Butler
Bernstein  Sean,1109029366,47,MA,2072,Amy Dunn
Biden  Lowan  M,1412071844,59,MA,2027,Ketsia Liebig
Billis  Helen,1308060366,28,MA,2031,Brannon Miller
Brill  Donna,1406068293,27,MA,1701,David Stanley
Bugali  Josephine,1408069635,48,MA,2043,Kissy Sullivan
Carey  Michael,1311063114,34,MA,1701,Kelley Spirea
Chace  Beatrice,1208048062,67,MA,2763,Michael Albert
Chan  Lin,1305057282,38,MA,2170,Elijiah Gray
Chang  Donovan  E,1111030129,34,MA,1845,Webster Butler
Chivukula  Enola,1101023394,34,MA,1775,Amy Dunn
Cierpiszewski  Caroline,1012023295,29,MA,2044,Ketsia Liebig
Clukey  Elijian,1407069280,37,MA,2134,Brannon Miller
Cockel  James,1599991009,40,MA,2452,David Stanley
Cole  Spencer,1001450968,38,MA,1880,Kissy Sullivan
Cornett  Lisa,1403066069,40,MA,2189,Kelley Spirea
Crimmings    Jean,1311063172,30,MA,1821,Michael Albert
Darson  Jene ya,1001109612,39,MA,2110,Elijiah Gray
DeGweck   James,1306058816,40,MA,1810,Webster Butler
Desimone  Carl,1501072124,50,MA,2061,Amy Dunn
Dickinson  Geoff,706006285,35,MA,2180,Ketsia Liebig
DiNocco  Lily,1209048696,39,MA,2351,Brannon Miller
Dobrin  Denisa  S,1202031618,31,MA,2125,David Stanley
Eaton  Marianne,1406067865,26,MA,2343,Kissy Sullivan
Engdahl  Jean,1007020403,43,MA,2026,Kelley Spirea
England  Rex,1101023612,39,MA,2045,Kelley Spirea
Estremera  Miguel,1104025243,34,MA,2129,Michael Albert
Evensen  April,1107027392,28,MA,2458,Elijiah Gray
Ferguson  Susan,1502072511,62,MA,2176,Webster Butler
Fernandes  Nilson,1302053339,28,MA,2132,Amy Dunn
Ferreira  Violeta,803009012,31,MA,2176,Ketsia Liebig
Fidelia   Libby,1006020020,36,MA,2155,Brannon Miller
Garcia  Raul,1309061015,32,MA,1905,David Stanley
Garneau  Hamish,1104025414,37,MA,1550,Kissy Sullivan
Gaul  Barbara,1105026041,34,MA,2121,Kelley Spirea
Gentry  Mildred,1501072192,27,MA,2145,Michael Albert
Gerke  Melisa,1308060622,47,MA,2330,Elijiah Gray
Gilles  Alex,1008020960,43,MA,2062,Webster Butler
Girifalco  Evelyn,1204032927,37,MA,2451,Amy Dunn
Gold  Shenice,1408069539,25,MA,2451,Ketsia Liebig
Gonzalez  Cayo,1411071212,48,MA,2108,Brannon Miller
Gordon  David,1106026579,38,MA,2169,David Stanley
Goyal  Roxana,1312063675,43,MA,1864,Kissy Sullivan
Gross  Paula,1103024859,34,MA,2176,Kelley Spirea
Handschiegl  Joanne,1405067064,40,MA,2127,Michael Albert
Harrell  Ludwick,1406068241,35,MA,1776,Elijiah Gray
Harrington  Christie,1110029602,65,MA,2324,Webster Butler
Harrison  Kara,1404066622,43,MA,1886,Amy Dunn
Heitzman  Anthony,1002017900,34,MA,2149,Ketsia Liebig
Ivey  Rose,1408069882,27,MA,1775,Brannon Miller
Jackson  Maryellen,1201031438,45,MA,2081,David Stanley
Jacobi  Hannah,1503072857,51,MA,1778,Kissy Sullivan
Jhaveri  Sneha,1412071713,53,MA,2109,Kelley Spirea
Johnson  George,1105025721,58,MA,2445,Michael Albert
Jung  Judy,1107027450,31,MA,2446,Elijiah Gray
Keatts  Kramer,1301052462,42,MA,1887,Michael Albert
Kinsella  Kathleen,710007401,44,MA,2170,Webster Butler
Kirill  Alexandra,903013071,47,MA,2127,Amy Dunn
Knapp  Bradley  J,1304055683,40,MA,1721,Ketsia Liebig
Kretschmer  John,1311062610,37,MA,1801,Brannon Miller
Langton  Enrico,1304055987,31,MA,2048,David Stanley
Leach  Dallas,1408069409,39,MA,1810,Kissy Sullivan
LeBel  Jonathan  R,1107027575,36,MA,2050,Kelley Spirea
Linares  Marilyn,1206042315,36,MA,1886,Michael Albert
Lydon  Allison,1101023353,42,MA,2122,Elijiah Gray
Lynch  Lindsay,1001138521,44,MA,1844,Webster Butler
MacLennan  Samuel,1201031032,45,MA,1938,Amy Dunn
Mahoney  Lauren,1209049259,31,MA,2189,Ketsia Liebig
Mangal  Debbie,1308060754,43,MA,2451,Brannon Miller
Maurice  Shana,1401064327,40,MA,2330,David Stanley
Mckenna  Sandy,909015167,31,MA,2184,Kissy Sullivan
Meads  Elizabeth,1409070245,49,MA,1760,Kelley Spirea
Medeiros  Jennifer,1109029256,41,MA,2346,Michael Albert
Motlagh   Dawn,1102024121,33,MA,2453,Elijiah Gray
Ndzi  Colombui,1204033041,28,MA,2110,Webster Butler
Newman  Richard,1302053044,40,MA,2136,Ketsia Liebig
Ngodup  Shari,1403066020,50,MA,1810,Brannon Miller
Nguyen  Lei Ming,1203032357,33,MA,2132,David Stanley
O hare  Lynn,1206044851,37,MA,2152,Kissy Sullivan
Osturnka  Adeel,1404066949,41,MA,2478,Kelley Spirea
Owad  Clinton,1103024335,38,MA,1760,Michael Albert
Panjwani  Nina,1109029531,38,MA,2351,Elijiah Gray
Pelech  Emil,1307060058,29,MA,2458,Webster Butler
Perry  Shakira,1109029186,31,MA,2176,Amy Dunn
Peterson  Kayla,1307059944,44,MA,1749,Ketsia Liebig
Pham  Hong,1305057440,29,MA,2451,Brannon Miller
Pitt  Brad,1001735072,36,MA,2451,David Stanley
Power  Morissa,1102024274,33,MA,1742,Kissy Sullivan
Punjabhi  Louis,1401064562,56,MA,2109,Kelley Spirea
Purinton  Janine,1011022926,47,MA,2474,Kissy Sullivan
Rarrick  Quinn,1208048229,33,MA,2478,Michael Albert
Rhoads  Thomas,1211050793,35,MA,2176,Elijiah Gray
Rivera  Haley,1405067642,45,MA,2171,Webster Butler
Robinson  Alain,1206038000,44,MA,1420,Amy Dunn
Robinson  Cherly,1403065625,33,MA,1460,Ketsia Liebig
Robinson  Elias,1011022887,33,MA,1730,Brannon Miller
Rose  Ashley,710007555,43,MA,1886,David Stanley
Rossetti  Bruno,1405067492,30,MA,2155,Kissy Sullivan
Saar Beckles  Melinda,1410070998,49,MA,1801,Kelley Spirea
Sadki  Nore,1308060535,43,MA,2148,Michael Albert
Sander  Kamrin,1302053362,29,MA,2154,Elijiah Gray
Sewkumar  Nori,807010161,42,MA,2191,Webster Butler
Shields  Seffi,1205033102,32,MA,2149,Amy Dunn
Smith  Sade,1501071909,53,MA,2130,Ketsia Liebig
Sparks  Taylor,1410071137,49,MA,2093,Brannon Miller
Squatrito  Kristen,1405067138,44,MA,2359,David Stanley
Stanford Barbara  M,1111030244,35,MA,2050,Kissy Sullivan
Stoica  Rick,1106026896,32,MA,2301,Kelley Spirea
Sullivan  Timothy,1201031310,35,MA,2747,Michael Albert
Sutwell  Barbara,1407069061,49,MA,2718,Elijiah Gray
Tavares  Desiree,1405067501,42,MA,1801,Webster Butler
Theamstern  Sophia,1404066739,52,MA,2066,Amy Dunn
Tinto  Theresa,1103024504,34,MA,1876,Ketsia Liebig
Tippett  Jeanette,1409070255,50,MA,2093,Brannon Miller
Trang  Mei,1012023152,34,MA,2021,David Stanley
Veera  Abdellah,1203032235,30,MA,2171,Kissy Sullivan
Volk  Colleen,1011022814,31,MA,2747,Kelley Spirea
Von Massenbach  Anna,1106026474,32,MA,2124,Michael Albert
Wallace  Theresa,1101023619,37,MA,1887,Elijiah Gray
Whittier  Scott,1307060212,30,MA,2030,Webster Butler
Wilber  Barry,1101023839,52,MA,2324,Amy Dunn
Williams  Jacquelyn,1308060671,48,MA,2109,Ketsia Liebig
Ybarra  Catherine,1001268402,35,MA,2458,Brannon Miller
Zima  Colleen,1211051232,39,MA,1730,David Stanley
Akinkuolie  Sarah,1005019209,29,MA,1810,Kissy Sullivan
Beak  Kimberly,1303054329,51,MA,2145,Kelley Spirea
Blount  Dianna,1403066125,27,MA,2171,Michael Albert
Bondwell  Betsy,1008021030,51,MA,2210,Elijiah Gray
Buccheri  Joseph,1101023457,34,MA,1013,Webster Butler
Burke  Joelle,1011022820,37,MA,2148,Amy Dunn
Burkett  Benjamin,1301052449,40,MA,1890,Ketsia Liebig
Cloninger  Jennifer,1012023226,36,MA,1752,Brannon Miller
Close  Phil,1209048697,39,MA,2169,David Stanley
Davis  Daniel,1201031274,38,MA,2458,Kissy Sullivan
Demita  Carla,1104025179,66,MA,2343,Kelley Spirea
Erilus  Angela,1105025661,28,MA,2133,Michael Albert
Faller  Megan,1108028428,39,MA,1824,Elijiah Gray
Fancett  Nicole,1402065085,30,MA,2324,Webster Butler
Fitzpatrick  Michael  J,1109029103,36,MA,2143,Amy Dunn
Foreman  Tanya,1012023204,34,MA,2170,Ketsia Liebig
Gonzalez  Juan,1411071324,53,MA,2128,Brannon Miller
Good  Susan,1001549006,31,MA,1886,David Stanley
Gosciminski  Phylicia,1108028351,34,MA,1824,Kissy Sullivan
Hankard  Earnest,1307059937,29,MA,2155,Kelley Spirea
Hendrickson  Trina,1011022932,45,MA,2021,Kelley Spirea
Homberger  Adrienne  J,1207046956,33,MA,2445,Michael Albert
Hunts  Julissa,1106026433,33,MA,2021,Elijiah Gray
Hutter  Rosalie,1103024924,25,MA,2351,Webster Butler
Huynh  Ming,1306058509,41,MA,1742,Amy Dunn
Jeannite  Tayana,1008020942,31,MA,1821,Ketsia Liebig
Johnston  Yen,1306057810,48,MA,2128,Brannon Miller
Langford  Lindsey,1010022030,38,MA,2090,David Stanley
Latif  Mohammed,1104025486,33,MA,2126,Kissy Sullivan
Linden  Mathew,1405067565,38,MA,1770,Kelley Spirea
Lundy  Susan,1305056276,41,MA,2122,Michael Albert
Lunquist  Lisa,1001504432,35,MA,2324,Elijiah Gray
Manchester  Robyn,1110029623,41,MA,2324,Webster Butler
Mancuso  Karen,1304055986,31,MA,2176,Amy Dunn
McCarthy  Brigit,1406067957,30,MA,2149,Ketsia Liebig
Miller  Ned,1205033439,32,MA,2472,Brannon Miller
Monkfish  Erasumus,1404066711,25,MA,1450,David Stanley
Monterro  Luisa,1001103149,47,MA,2126,Kissy Sullivan
Moran  Patrick,1408069503,41,MA,2127,Kelley Spirea
Moumanil  Maliki,1301052436,43,MA,1460,Michael Albert
Nowlan  Kristie,1104025435,32,MA,1040,Elijiah Gray
Oliver  Brooke,1001856521,65,MA,2492,Webster Butler
Pelletier  Ermine,1202031821,28,MA,2472,Amy Dunn
Peters  Lauren,1411071406,31,MA,1886,Ketsia Liebig
Petingill  Shana,1103024843,38,MA,2050,Brannon Miller
Roberson  May,1402065340,36,MA,1902,David Stanley
Robertson  Peter,1499902991,45,MA,2138,Kissy Sullivan
Sahoo  Adil,1106026462,31,MA,2062,Kelley Spirea
Sloan  Constance,1012023103,30,MA,1851,Michael Albert
Smith  Joe,1001970770,54,MA,2045,Elijiah Gray
Tejeda  Lenora,1406068345,64,MA,2129,Elijiah Gray
Thibaud  Kenneth,1011022777,42,MA,2472,Webster Butler
Trzeciak  Cybil,1107027551,32,MA,1778,Amy Dunn
Walker  Roger,1011022818,41,MA,2459,Ketsia Liebig
Winthrop  Jordan,1405067188,59,MA,2045,Brannon Miller
Wolk  Hang  T,1205033180,32,MA,2302,David Stanley
Woodson  Jason,1012023010,32,MA,1810,Kissy Sullivan
Buck  Edward,1504073313,42,MA,2330,Lynn Daneault
Bunbury  Jessica,1504073368,53,VA,21851,John Smith
Carter  Michelle,1403065721,54,VT,5664,John Smith
Costa  Latia,1409070567,29,CA,90007,Lynn Daneault
Dietrich  Jenna,1408069481,30,WA,98052,John Smith
Digitale  Alfred,1306059197,29,NH,3062,John Smith
Fraval  Maruk,1411071302,54,CT,6050,Lynn Daneault
Friedman  Gerry,1204032843,48,NY,10171,John Smith
Gill  Whitney,1302053046,46,OH,43050,John Smith
Givens  Myriam,1203032099,28,IN,46204,Lynn Daneault
Gonzales  Ricardo,1411071481,63,ID,83706,John Smith
Guilianno  Mike,1001167253,48,TN,37129,John Smith
Jeremy  Prater,1001084890,43,NV,89139,Lynn Daneault
Khemmich  Bartholemew,1104025008,38,CO,80820,Lynn Daneault
Leruth  Giovanni,1412071660,29,UT,84111,John Smith
Martins  Joseph,1209048771,47,TX,78207,Lynn Daneault
McKinzie  Jac,1209049326,33,TX,78789,Lynn Daneault
Mullaney  Howard,1306057978,42,AL,36006,John Smith
Nguyen  Dheepa,1111030684,28,GA,30428,Lynn Daneault
Onque  Jasmine,1501072180,27,FL,33174,Lynn Daneault
Ozark  Travis,812011761,35,NC,27229,John Smith
Potts  Xana,1102024106,29,KY,40220,Lynn Daneault
Riordan  Michael,1502072711,50,ND,58782,Lynn Daneault
Strong  Caitrin,1411071295,28,MT,59102,John Smith
Terry  Sharlene,1401064637,52,OR,97756,Lynn Daneault
Valentin Jackie,1312063714,26,AZ,85006,John Smith
Villanueva  Noah,1111030503,28,ME,4063,John Smith
Houlihan  Debra,1009021646,51,RI,2908,Janet King
Daneault  Lynn,1402065303,27,VT,5473,Debra Houlihan
Kampew  Donysha,1109029264,28,PA,19444,Debra Houlihan
Smith  John,1499902910,33,MA,1886,Debra Houlihan
Andreola  Colby,1107027358,38,MA,2110,Alex Sweetwater
Carabbio  Judith,1101023577,30,MA,2132,Alex Sweetwater
Del Bosque  Keyla,1203032498,38,MA,2176,Alex Sweetwater
Exantus  Susan,1401064670,30,MA,1749,Alex Sweetwater
Martin  Sandra,1303054625,30,MA,2135,Alex Sweetwater
Patronick  Luke,1112030979,38,MA,1844,Alex Sweetwater
Saada  Adell,1012023185,31,MA,2132,Alex Sweetwater
Szabo  Andrew,1201031324,34,MA,2140,Alex Sweetwater
True  Edward,1102024057,34,MA,2451,Alex Sweetwater
Sweetwater  Alex,1001644719,51,MA,2184,Jennifer Zamora
